{"cameraMode":{"drawMode":0,"name":"Shaded","section":"Shading Mode"},"sceneLighting":true,"audioPlay":false,"sceneViewState":{"showFog":false,"showMaterialUpdate":true,"showSkybox":true,"showFlares":true,"showImageEffects":true,"showParticleSystems":true},"in2DMode":false,"pivot":{"x":502.32366943359377,"y":397.4914855957031,"z":56.0035400390625},"rotation":{"x":0.06775764375925064,"y":0.0014916876098141075,"z":-0.00010127566201845184,"w":0.9977020025253296},"size":875.8355102539063,"orthographic":false}